report_id,file,rVSM_similarity,collab_filter,classname_similarity,bug_recency,bug_frequency,match
6495,/home/user/CS21D002_A_Eashaan_Rao/Research/Bug_Localization_Replication/bug-localization-1/data/eclipse.platform.ui/bundles/org.eclipse.ui/Eclipse UI/org/eclipse/ui/internal/WorkbenchPage.java,0.09252129939389131,0.4556710838711381,0.0,0.008333333333333333,32,1
6495,/home/user/CS21D002_A_Eashaan_Rao/Research/Bug_Localization_Replication/bug-localization-1/data/eclipse.platform.ui/bundles/org.eclipse.ui/Eclipse UI Standard Components/org/eclipse/ui/views/tasklist/FiltersAction.java,0.054405751165541354,0,0.0,0,0,0
6495,/home/user/CS21D002_A_Eashaan_Rao/Research/Bug_Localization_Replication/bug-localization-1/data/eclipse.platform.ui/bundles/org.eclipse.ui/Eclipse UI/org/eclipse/ui/dialogs/WizardNewFolderMainPage.java,0.0438177106147535,0.09214768144152402,0.0,0.00819672131147541,2,0
6495,/home/user/CS21D002_A_Eashaan_Rao/Research/Bug_Localization_Replication/bug-localization-1/data/eclipse.platform.ui/bundles/org.eclipse.ui/Eclipse JFace Text/org/eclipse/jface/text/internal/html/HoverBrowserControl.java,0.030183130879218027,0,0.0,0,0,0
6495,/home/user/CS21D002_A_Eashaan_Rao/Research/Bug_Localization_Replication/bug-localization-1/data/eclipse.platform.ui/bundles/org.eclipse.ui/Eclipse UI/org/eclipse/ui/internal/ToggleEditorsVisibilityAction.java,0.04052910524544707,0,0.0,0,0,0
6495,/home/user/CS21D002_A_Eashaan_Rao/Research/Bug_Localization_Replication/bug-localization-1/data/eclipse.platform.ui/bundles/org.eclipse.ui/Eclipse JFace Text/org/eclipse/jface/text/contentassist/ICompletionProposal.java,0.013105446584224446,0,0,0,0,0
6495,/home/user/CS21D002_A_Eashaan_Rao/Research/Bug_Localization_Replication/bug-localization-1/data/eclipse.platform.ui/bundles/org.eclipse.ui/Eclipse JFace/org/eclipse/jface/util/PropertyChangeEvent.java,0.03148931173412109,0,0.0,0,0,0
6495,/home/user/CS21D002_A_Eashaan_Rao/Research/Bug_Localization_Replication/bug-localization-1/data/eclipse.platform.ui/bundles/org.eclipse.ui/Eclipse UI/org/eclipse/ui/internal/NewWizardShortcutAction.java,0.03855204812924194,0.11697736737113248,0.0,0.007936507936507936,1,0
6495,/home/user/CS21D002_A_Eashaan_Rao/Research/Bug_Localization_Replication/bug-localization-1/data/eclipse.platform.ui/bundles/org.eclipse.ui/Eclipse UI Standard Components/org/eclipse/ui/views/tasklist/FiltersDialog.java,0.06899636592655466,0.13334422340683907,0.0,0.008130081300813009,2,0
6495,/home/user/CS21D002_A_Eashaan_Rao/Research/Bug_Localization_Replication/bug-localization-1/data/eclipse.platform.ui/bundles/org.eclipse.ui/Eclipse UI/org/eclipse/ui/internal/PinEditorAction.java,0.037083376302137226,0.032673595612629495,0.0,0.0078125,1,0
6495,/home/user/CS21D002_A_Eashaan_Rao/Research/Bug_Localization_Replication/bug-localization-1/data/eclipse.platform.ui/bundles/org.eclipse.ui/Eclipse JFace/org/eclipse/jface/preference/PreferenceStore.java,0.019870240213752863,0.005371848552816688,0.0,0.008333333333333333,3,0
6495,/home/user/CS21D002_A_Eashaan_Rao/Research/Bug_Localization_Replication/bug-localization-1/data/eclipse.platform.ui/bundles/org.eclipse.ui/Eclipse UI/org/eclipse/ui/internal/PartPluginAction.java,0.04343121565855074,0,0.0,0,0,0
6495,/home/user/CS21D002_A_Eashaan_Rao/Research/Bug_Localization_Replication/bug-localization-1/data/eclipse.platform.ui/bundles/org.eclipse.ui/Eclipse JFace/org/eclipse/jface/action/IToolBarManager.java,0.03634772625353528,0,0,0,0,0
6495,/home/user/CS21D002_A_Eashaan_Rao/Research/Bug_Localization_Replication/bug-localization-1/data/eclipse.platform.ui/bundles/org.eclipse.ui/Eclipse JFace Text/org/eclipse/jface/text/ITextInputListener.java,0.01220499583144819,0,0,0,0,0
6495,/home/user/CS21D002_A_Eashaan_Rao/Research/Bug_Localization_Replication/bug-localization-1/data/eclipse.platform.ui/bundles/org.eclipse.ui/Eclipse UI/org/eclipse/ui/internal/ShowViewMenu.java,0.08463280743573515,0.1049476049305331,0.0,0.007874015748031496,2,0
6495,/home/user/CS21D002_A_Eashaan_Rao/Research/Bug_Localization_Replication/bug-localization-1/data/eclipse.platform.ui/bundles/org.eclipse.ui/Eclipse UI/org/eclipse/ui/IActionDelegate.java,0.015415097771571283,0,0,0,0,0
6495,/home/user/CS21D002_A_Eashaan_Rao/Research/Bug_Localization_Replication/bug-localization-1/data/eclipse.platform.ui/bundles/org.eclipse.ui/Eclipse UI Standard Components/org/eclipse/ui/views/bookmarkexplorer/BookmarkAction.java,0.18945636716517247,0,0.0,0,0,0
6495,/home/user/CS21D002_A_Eashaan_Rao/Research/Bug_Localization_Replication/bug-localization-1/data/eclipse.platform.ui/bundles/org.eclipse.ui/Eclipse JFace/org/eclipse/jface/window/ApplicationWindow.java,0.028936946495805835,0,0.0,0,0,0
6495,/home/user/CS21D002_A_Eashaan_Rao/Research/Bug_Localization_Replication/bug-localization-1/data/eclipse.platform.ui/bundles/org.eclipse.ui/Eclipse UI/org/eclipse/ui/internal/dialogs/ViewContentProvider.java,0.03929787526992695,0,0.0,0,0,0
6495,/home/user/CS21D002_A_Eashaan_Rao/Research/Bug_Localization_Replication/bug-localization-1/data/eclipse.platform.ui/bundles/org.eclipse.ui/Eclipse UI/org/eclipse/ui/internal/dialogs/FakePerspectiveActionSet.java,0.03840773851274315,0,0.0,0,0,0
6495,/home/user/CS21D002_A_Eashaan_Rao/Research/Bug_Localization_Replication/bug-localization-1/data/eclipse.platform.ui/bundles/org.eclipse.ui/Eclipse UI/org/eclipse/ui/part/EditorPart.java,0.043602622019013104,0,0.0,0,0,0
6495,/home/user/CS21D002_A_Eashaan_Rao/Research/Bug_Localization_Replication/bug-localization-1/data/eclipse.platform.ui/bundles/org.eclipse.ui/Eclipse UI Standard Components/org/eclipse/ui/views/bookmarkexplorer/IBookmarkHelpContextIds.java,0.03746948744912942,0,0,0,0,0
6495,/home/user/CS21D002_A_Eashaan_Rao/Research/Bug_Localization_Replication/bug-localization-1/data/eclipse.platform.ui/bundles/org.eclipse.ui/Eclipse UI Text Editor/org/eclipse/ui/texteditor/ITextEditorActionConstants.java,0.016219140648669257,0,0,0,0,0
6495,/home/user/CS21D002_A_Eashaan_Rao/Research/Bug_Localization_Replication/bug-localization-1/data/eclipse.platform.ui/bundles/org.eclipse.ui/Eclipse UI/org/eclipse/ui/internal/PageEventAction.java,0.007342205353601722,0,0.0,0,0,0
6495,/home/user/CS21D002_A_Eashaan_Rao/Research/Bug_Localization_Replication/bug-localization-1/data/eclipse.platform.ui/bundles/org.eclipse.ui/Eclipse UI/org/eclipse/ui/internal/XMLMemento.java,0.06141308119655996,0.020622527721285602,0.0,0.007692307692307693,1,0
6495,/home/user/CS21D002_A_Eashaan_Rao/Research/Bug_Localization_Replication/bug-localization-1/data/eclipse.platform.ui/bundles/org.eclipse.ui/Eclipse JFace/org/eclipse/jface/viewers/TextCellEditor.java,0.03150096775506298,0.025252741336041315,0.0,0.007692307692307693,1,0
6495,/home/user/CS21D002_A_Eashaan_Rao/Research/Bug_Localization_Replication/bug-localization-1/data/eclipse.platform.ui/bundles/org.eclipse.ui/Eclipse JFace Text/org/eclipse/jface/text/contentassist/CompletionProposalPopup.java,0.02186825125007085,0.008068882863054894,0.0,0.008130081300813009,1,0
6495,/home/user/CS21D002_A_Eashaan_Rao/Research/Bug_Localization_Replication/bug-localization-1/data/eclipse.platform.ui/bundles/org.eclipse.ui/Eclipse JFace/org/eclipse/jface/viewers/AbstractTreeViewer.java,0.027860105039081227,0.07975351755251592,0.0,0.007692307692307693,1,0
6495,/home/user/CS21D002_A_Eashaan_Rao/Research/Bug_Localization_Replication/bug-localization-1/data/eclipse.platform.ui/bundles/org.eclipse.ui/Eclipse UI/org/eclipse/ui/part/WorkbenchPart.java,0.03786477200503575,0.07571859641460887,0.0,0.007936507936507936,2,0
6495,/home/user/CS21D002_A_Eashaan_Rao/Research/Bug_Localization_Replication/bug-localization-1/data/eclipse.platform.ui/bundles/org.eclipse.ui/Eclipse UI/org/eclipse/ui/internal/registry/PreferencePageRegistryReader.java,0.02731285536550595,0,0.0,0,0,0
6495,/home/user/CS21D002_A_Eashaan_Rao/Research/Bug_Localization_Replication/bug-localization-1/data/eclipse.platform.ui/bundles/org.eclipse.ui/Eclipse UI/org/eclipse/ui/internal/IMarkerImageProvider.java,0.010669980385129892,0,0.0,0,0,0
6495,/home/user/CS21D002_A_Eashaan_Rao/Research/Bug_Localization_Replication/bug-localization-1/data/eclipse.platform.ui/bundles/org.eclipse.ui/Eclipse UI/org/eclipse/ui/IEditorActionDelegate.java,0.0547293417216975,0,0,0,0,0
6495,/home/user/CS21D002_A_Eashaan_Rao/Research/Bug_Localization_Replication/bug-localization-1/data/eclipse.platform.ui/bundles/org.eclipse.ui/Eclipse UI Standard Components/org/eclipse/ui/wizards/datatransfer/FileSystemImportWizard.java,0.04085418163477604,0,0.0,0,0,0
6495,/home/user/CS21D002_A_Eashaan_Rao/Research/Bug_Localization_Replication/bug-localization-1/data/eclipse.platform.ui/bundles/org.eclipse.ui/Eclipse JFace Text/org/eclipse/jface/text/BadPositionCategoryException.java,0.036210813476903844,0,0.0,0,0,0
6495,/home/user/CS21D002_A_Eashaan_Rao/Research/Bug_Localization_Replication/bug-localization-1/data/eclipse.platform.ui/bundles/org.eclipse.ui/Eclipse UI/org/eclipse/ui/model/WorkbenchViewerSorter.java,0.020942753827421383,0,0.0,0,0,0
6495,/home/user/CS21D002_A_Eashaan_Rao/Research/Bug_Localization_Replication/bug-localization-1/data/eclipse.platform.ui/bundles/org.eclipse.ui/Eclipse JFace Text/org/eclipse/jface/text/reconciler/DirtyRegion.java,0.023048357385757355,0,0.0,0,0,0
6495,/home/user/CS21D002_A_Eashaan_Rao/Research/Bug_Localization_Replication/bug-localization-1/data/eclipse.platform.ui/bundles/org.eclipse.ui/Eclipse JFace/org/eclipse/jface/preference/StringButtonFieldEditor.java,0.03612026177877027,0,0.0,0,0,0
6495,/home/user/CS21D002_A_Eashaan_Rao/Research/Bug_Localization_Replication/bug-localization-1/data/eclipse.platform.ui/bundles/org.eclipse.ui/Eclipse UI/org/eclipse/ui/internal/misc/AssertionFailedException.java,0.06404226917783926,0,0.0,0,0,0
6495,/home/user/CS21D002_A_Eashaan_Rao/Research/Bug_Localization_Replication/bug-localization-1/data/eclipse.platform.ui/bundles/org.eclipse.ui/Eclipse UI/org/eclipse/ui/IEditorSite.java,0.037026915029183864,0,0,0,0,0
6495,/home/user/CS21D002_A_Eashaan_Rao/Research/Bug_Localization_Replication/bug-localization-1/data/eclipse.platform.ui/bundles/org.eclipse.ui/Eclipse UI/org/eclipse/ui/IWorkbenchPage.java,0.15316984411334358,0.02607354779163425,0,0.008130081300813009,2,0
6495,/home/user/CS21D002_A_Eashaan_Rao/Research/Bug_Localization_Replication/bug-localization-1/data/eclipse.platform.ui/bundles/org.eclipse.ui/Eclipse UI Standard Components/org/eclipse/ui/wizards/newresource/BasicNewResourceWizard.java,0.04824066514147986,0,0.0,0,0,0
6495,/home/user/CS21D002_A_Eashaan_Rao/Research/Bug_Localization_Replication/bug-localization-1/data/eclipse.platform.ui/bundles/org.eclipse.ui/Eclipse UI Text Editor/org/eclipse/ui/texteditor/AbstractMarkerAnnotationModel.java,0.024052784328081438,0,0.0,0,0,0
6495,/home/user/CS21D002_A_Eashaan_Rao/Research/Bug_Localization_Replication/bug-localization-1/data/eclipse.platform.ui/bundles/org.eclipse.ui/Eclipse UI/org/eclipse/ui/internal/dialogs/BuildOrderPreferencePage.java,0.06446179028564845,0.05000853291564657,0.0,0.007751937984496124,2,0
6495,/home/user/CS21D002_A_Eashaan_Rao/Research/Bug_Localization_Replication/bug-localization-1/data/eclipse.platform.ui/bundles/org.eclipse.ui/Eclipse UI/org/eclipse/ui/IWorkbenchWizard.java,0.018945059158510368,0,0,0,0,0
6495,/home/user/CS21D002_A_Eashaan_Rao/Research/Bug_Localization_Replication/bug-localization-1/data/eclipse.platform.ui/bundles/org.eclipse.ui/Eclipse UI/org/eclipse/ui/internal/SwitchToPageMenu.java,0.02761928561945482,0,0.0,0,0,0
6495,/home/user/CS21D002_A_Eashaan_Rao/Research/Bug_Localization_Replication/bug-localization-1/data/eclipse.platform.ui/bundles/org.eclipse.ui/Eclipse UI/org/eclipse/ui/dialogs/WizardResourceImportPage.java,0.043612959915853546,0.08439832367562515,0.0,0.008264462809917356,4,0
6495,/home/user/CS21D002_A_Eashaan_Rao/Research/Bug_Localization_Replication/bug-localization-1/data/eclipse.platform.ui/bundles/org.eclipse.ui/Eclipse UI Standard Components/org/eclipse/ui/views/navigator/ShowInNavigatorAction.java,0.07404799966413396,0.029951578407417166,0.0,0.007692307692307693,1,0
6495,/home/user/CS21D002_A_Eashaan_Rao/Research/Bug_Localization_Replication/bug-localization-1/data/eclipse.platform.ui/bundles/org.eclipse.ui/Eclipse UI Text Editor/org/eclipse/ui/texteditor/DefaultRangeIndicator.java,0.04848026668498732,0,0.0,0,0,0
6495,/home/user/CS21D002_A_Eashaan_Rao/Research/Bug_Localization_Replication/bug-localization-1/data/eclipse.platform.ui/bundles/org.eclipse.ui/Eclipse JFace Text/org/eclipse/jface/text/TextPresentation.java,0.015422804001290567,0,0.0,0,0,0
6495,/home/user/CS21D002_A_Eashaan_Rao/Research/Bug_Localization_Replication/bug-localization-1/data/eclipse.platform.ui/bundles/org.eclipse.ui/Eclipse JFace Text/org/eclipse/jface/text/formatter/IFormattingStrategy.java,0.01196854498142807,0,0,0,0,0
6495,/home/user/CS21D002_A_Eashaan_Rao/Research/Bug_Localization_Replication/bug-localization-1/data/eclipse.platform.ui/bundles/org.eclipse.ui/Eclipse UI/org/eclipse/ui/internal/dialogs/CheckboxSingleListGroup.java,0.05906927835217117,0,0.0,0,0,0
6494,/home/user/CS21D002_A_Eashaan_Rao/Research/Bug_Localization_Replication/bug-localization-1/data/eclipse.platform.ui/bundles/org.eclipse.ui/Eclipse UI/org/eclipse/ui/internal/PartDragDrop.java,0.028040726150795284,0.7249456171526212,0.0,0.007936507936507936,2,1
6494,/home/user/CS21D002_A_Eashaan_Rao/Research/Bug_Localization_Replication/bug-localization-1/data/eclipse.platform.ui/bundles/org.eclipse.ui/Eclipse UI Standard Components/org/eclipse/ui/views/properties/StandardPropertiesAdapterFactory.java,0.006123655544957813,0,0.0,0,0,0
6494,/home/user/CS21D002_A_Eashaan_Rao/Research/Bug_Localization_Replication/bug-localization-1/data/eclipse.platform.ui/bundles/org.eclipse.ui/Eclipse UI/org/eclipse/ui/internal/LayoutPartSash.java,0.0,0.02048251621215326,0.0,0.007751937984496124,1,0
6494,/home/user/CS21D002_A_Eashaan_Rao/Research/Bug_Localization_Replication/bug-localization-1/data/eclipse.platform.ui/bundles/org.eclipse.ui/Eclipse UI/org/eclipse/ui/internal/dialogs/ActionSetLabelProvider.java,0.0,0,0.0,0,0,0
6494,/home/user/CS21D002_A_Eashaan_Rao/Research/Bug_Localization_Replication/bug-localization-1/data/eclipse.platform.ui/bundles/org.eclipse.ui/Eclipse UI/org/eclipse/ui/actions/RefreshAction.java,0.013196504348637023,0.017415114885292016,0.0,0.008,1,0
6494,/home/user/CS21D002_A_Eashaan_Rao/Research/Bug_Localization_Replication/bug-localization-1/data/eclipse.platform.ui/bundles/org.eclipse.ui/Eclipse UI Standard Components/org/eclipse/ui/views/tasklist/RemoveTaskAction.java,0.0017387297662160837,0,0.0,0,0,0
6494,/home/user/CS21D002_A_Eashaan_Rao/Research/Bug_Localization_Replication/bug-localization-1/data/eclipse.platform.ui/bundles/org.eclipse.ui/Eclipse JFace Text/org/eclipse/jface/text/source/Annotation.java,0.0008238211561931143,0,0.0,0,0,0
6494,/home/user/CS21D002_A_Eashaan_Rao/Research/Bug_Localization_Replication/bug-localization-1/data/eclipse.platform.ui/bundles/org.eclipse.ui/Eclipse UI/org/eclipse/ui/internal/PlatformInfo.java,0.006347179825592083,0.01554958278999449,0.0,0.007751937984496124,1,0
6494,/home/user/CS21D002_A_Eashaan_Rao/Research/Bug_Localization_Replication/bug-localization-1/data/eclipse.platform.ui/bundles/org.eclipse.ui/Eclipse UI/org/eclipse/ui/internal/QuitAction.java,0.0,0,0.0,0,0,0
6494,/home/user/CS21D002_A_Eashaan_Rao/Research/Bug_Localization_Replication/bug-localization-1/data/eclipse.platform.ui/bundles/org.eclipse.ui/Eclipse JFace Text/org/eclipse/jface/text/Region.java,0.0,0,0.0,0,0,0
6494,/home/user/CS21D002_A_Eashaan_Rao/Research/Bug_Localization_Replication/bug-localization-1/data/eclipse.platform.ui/bundles/org.eclipse.ui/Eclipse UI/org/eclipse/ui/internal/PartSite.java,0.0023621438969360716,0.04897741447233888,0.0,0.008130081300813009,1,0
6494,/home/user/CS21D002_A_Eashaan_Rao/Research/Bug_Localization_Replication/bug-localization-1/data/eclipse.platform.ui/bundles/org.eclipse.ui/Eclipse UI/org/eclipse/ui/internal/misc/ActivatorItem.java,0.0,0,0.0,0,0,0
6494,/home/user/CS21D002_A_Eashaan_Rao/Research/Bug_Localization_Replication/bug-localization-1/data/eclipse.platform.ui/bundles/org.eclipse.ui/Eclipse UI Text Editor/org/eclipse/ui/texteditor/IElementStateListener.java,0.015655022382105217,0,0,0,0,0
6494,/home/user/CS21D002_A_Eashaan_Rao/Research/Bug_Localization_Replication/bug-localization-1/data/eclipse.platform.ui/bundles/org.eclipse.ui/Eclipse UI/org/eclipse/ui/internal/OpenNewWindowAction.java,0.01502030164140694,0.02539930349220949,0.0,0.008064516129032258,2,0
6494,/home/user/CS21D002_A_Eashaan_Rao/Research/Bug_Localization_Replication/bug-localization-1/data/eclipse.platform.ui/bundles/org.eclipse.ui/Eclipse UI/org/eclipse/ui/internal/ActionSetSeparator.java,0.0,0,0.0,0,0,0
6494,/home/user/CS21D002_A_Eashaan_Rao/Research/Bug_Localization_Replication/bug-localization-1/data/eclipse.platform.ui/bundles/org.eclipse.ui/Eclipse UI Standard Components/org/eclipse/ui/wizards/datatransfer/WizardFileSystemImportPage1.java,0.00865802044497855,0,0.0,0,0,0
6494,/home/user/CS21D002_A_Eashaan_Rao/Research/Bug_Localization_Replication/bug-localization-1/data/eclipse.platform.ui/bundles/org.eclipse.ui/Eclipse UI/org/eclipse/ui/actions/OpenFileAction.java,0.029495430863303973,0.07498038159461742,0.0,0.008064516129032258,2,0
6494,/home/user/CS21D002_A_Eashaan_Rao/Research/Bug_Localization_Replication/bug-localization-1/data/eclipse.platform.ui/bundles/org.eclipse.ui/Eclipse UI Text Editor/org/eclipse/ui/texteditor/DefaultRangeIndicator.java,0.005242146505238248,0,0.0,0,0,0
6494,/home/user/CS21D002_A_Eashaan_Rao/Research/Bug_Localization_Replication/bug-localization-1/data/eclipse.platform.ui/bundles/org.eclipse.ui/Eclipse UI/org/eclipse/ui/internal/DetachedPlaceHolder.java,0.0030602774420585652,0,0.0,0,0,0
6494,/home/user/CS21D002_A_Eashaan_Rao/Research/Bug_Localization_Replication/bug-localization-1/data/eclipse.platform.ui/bundles/org.eclipse.ui/Eclipse UI/org/eclipse/ui/model/IWorkbenchAdapter.java,0.0025619073282694698,0,0,0,0,0
6494,/home/user/CS21D002_A_Eashaan_Rao/Research/Bug_Localization_Replication/bug-localization-1/data/eclipse.platform.ui/bundles/org.eclipse.ui/Eclipse UI/org/eclipse/ui/IEditorInput.java,0.010347926919983833,0,0,0,0,0
6494,/home/user/CS21D002_A_Eashaan_Rao/Research/Bug_Localization_Replication/bug-localization-1/data/eclipse.platform.ui/bundles/org.eclipse.ui/Eclipse UI/org/eclipse/ui/internal/dialogs/WelcomeEditorInputFactory.java,0.0,0.04278912793611358,0.0,0.008130081300813009,1,0
6494,/home/user/CS21D002_A_Eashaan_Rao/Research/Bug_Localization_Replication/bug-localization-1/data/eclipse.platform.ui/bundles/org.eclipse.ui/Eclipse UI/org/eclipse/ui/actions/CloseResourceAction.java,0.003450304250926345,0.022767570049598264,0.0,0.007692307692307693,1,0
6494,/home/user/CS21D002_A_Eashaan_Rao/Research/Bug_Localization_Replication/bug-localization-1/data/eclipse.platform.ui/bundles/org.eclipse.ui/Eclipse JFace Text/org/eclipse/jface/text/ChildDocumentEvent.java,0.0,0,0.0,0,0,0
6494,/home/user/CS21D002_A_Eashaan_Rao/Research/Bug_Localization_Replication/bug-localization-1/data/eclipse.platform.ui/bundles/org.eclipse.ui/Eclipse UI Text Editor/org/eclipse/ui/texteditor/MarkerUpdater.java,0.005050772769839955,0,0.0,0,0,0
6494,/home/user/CS21D002_A_Eashaan_Rao/Research/Bug_Localization_Replication/bug-localization-1/data/eclipse.platform.ui/bundles/org.eclipse.ui/Eclipse JFace Text/org/eclipse/jface/text/reconciler/IReconcilingStrategy.java,0.001485007510764736,0,0,0,0,0
6494,/home/user/CS21D002_A_Eashaan_Rao/Research/Bug_Localization_Replication/bug-localization-1/data/eclipse.platform.ui/bundles/org.eclipse.ui/Eclipse JFace/org/eclipse/jface/viewers/ComboBoxCellEditor.java,0.0,0.06467952757662931,0.0,0.00819672131147541,2,0
6494,/home/user/CS21D002_A_Eashaan_Rao/Research/Bug_Localization_Replication/bug-localization-1/data/eclipse.platform.ui/bundles/org.eclipse.ui/Eclipse JFace/org/eclipse/jface/viewers/ITreeViewerListener.java,0.0,0,0,0,0,0
6494,/home/user/CS21D002_A_Eashaan_Rao/Research/Bug_Localization_Replication/bug-localization-1/data/eclipse.platform.ui/bundles/org.eclipse.ui/Eclipse UI/org/eclipse/ui/internal/registry/ViewDescriptor.java,0.00840831302741785,0,0.0,0,0,0
6494,/home/user/CS21D002_A_Eashaan_Rao/Research/Bug_Localization_Replication/bug-localization-1/data/eclipse.platform.ui/bundles/org.eclipse.ui/Eclipse UI/org/eclipse/ui/internal/ViewerActionBuilder.java,0.0,0,0.0,0,0,0
6494,/home/user/CS21D002_A_Eashaan_Rao/Research/Bug_Localization_Replication/bug-localization-1/data/eclipse.platform.ui/bundles/org.eclipse.ui/Eclipse UI/org/eclipse/ui/internal/PartPluginAction.java,0.0,0,0.0,0,0,0
6494,/home/user/CS21D002_A_Eashaan_Rao/Research/Bug_Localization_Replication/bug-localization-1/data/eclipse.platform.ui/bundles/org.eclipse.ui/Eclipse UI/org/eclipse/ui/internal/IObjectActionContributor.java,0.0,0,0,0,0,0
6494,/home/user/CS21D002_A_Eashaan_Rao/Research/Bug_Localization_Replication/bug-localization-1/data/eclipse.platform.ui/bundles/org.eclipse.ui/Eclipse JFace Text/org/eclipse/jface/text/IDocumentAdapter.java,0.0,0,0,0,0,0
6494,/home/user/CS21D002_A_Eashaan_Rao/Research/Bug_Localization_Replication/bug-localization-1/data/eclipse.platform.ui/bundles/org.eclipse.ui/Eclipse UI/org/eclipse/ui/IActionBars.java,0.008178069197234055,0,0,0,0,0
6494,/home/user/CS21D002_A_Eashaan_Rao/Research/Bug_Localization_Replication/bug-localization-1/data/eclipse.platform.ui/bundles/org.eclipse.ui/Eclipse UI Standard Components/org/eclipse/ui/wizards/datatransfer/DataTransferMessages.java,0.009891365250976744,0,0.0,0,0,0
6494,/home/user/CS21D002_A_Eashaan_Rao/Research/Bug_Localization_Replication/bug-localization-1/data/eclipse.platform.ui/bundles/org.eclipse.ui/Eclipse JFace/org/eclipse/jface/viewers/ColumnLayoutData.java,0.0033746435819538706,0,0.0,0,0,0
6494,/home/user/CS21D002_A_Eashaan_Rao/Research/Bug_Localization_Replication/bug-localization-1/data/eclipse.platform.ui/bundles/org.eclipse.ui/Eclipse UI/org/eclipse/ui/internal/registry/ActionSetDescriptor.java,0.0,0,0.0,0,0,0
6494,/home/user/CS21D002_A_Eashaan_Rao/Research/Bug_Localization_Replication/bug-localization-1/data/eclipse.platform.ui/bundles/org.eclipse.ui/Eclipse UI/org/eclipse/ui/dialogs/ProjectLocationSelectionDialog.java,0.0014581475987595744,0,0.0,0,0,0
6494,/home/user/CS21D002_A_Eashaan_Rao/Research/Bug_Localization_Replication/bug-localization-1/data/eclipse.platform.ui/bundles/org.eclipse.ui/Eclipse JFace/org/eclipse/jface/preference/FontFieldEditor.java,0.0,0.02728505187469277,0.0,0.007692307692307693,1,0
6494,/home/user/CS21D002_A_Eashaan_Rao/Research/Bug_Localization_Replication/bug-localization-1/data/eclipse.platform.ui/bundles/org.eclipse.ui/Eclipse UI/org/eclipse/ui/internal/dialogs/ImportWizard.java,0.0,0,0.0,0,0,0
6494,/home/user/CS21D002_A_Eashaan_Rao/Research/Bug_Localization_Replication/bug-localization-1/data/eclipse.platform.ui/bundles/org.eclipse.ui/Eclipse UI/org/eclipse/ui/internal/dialogs/EditorSelectionDialog.java,0.009169711065615156,0.011701696543009558,0.0,0.007692307692307693,1,0
6494,/home/user/CS21D002_A_Eashaan_Rao/Research/Bug_Localization_Replication/bug-localization-1/data/eclipse.platform.ui/bundles/org.eclipse.ui/Eclipse UI/org/eclipse/ui/internal/registry/MarkerImageProviderRegistry.java,0.0030360523870543183,0,0.0,0,0,0
6494,/home/user/CS21D002_A_Eashaan_Rao/Research/Bug_Localization_Replication/bug-localization-1/data/eclipse.platform.ui/bundles/org.eclipse.ui/Eclipse JFace Text/org/eclipse/jface/text/DefaultInformationControl.java,0.0,0,0.0,0,0,0
6494,/home/user/CS21D002_A_Eashaan_Rao/Research/Bug_Localization_Replication/bug-localization-1/data/eclipse.platform.ui/bundles/org.eclipse.ui/Eclipse UI/org/eclipse/ui/internal/dialogs/TypeFilteringDialog.java,0.0,0.01269788521161387,0.0,0.007692307692307693,1,0
6494,/home/user/CS21D002_A_Eashaan_Rao/Research/Bug_Localization_Replication/bug-localization-1/data/eclipse.platform.ui/bundles/org.eclipse.ui/Eclipse UI/org/eclipse/ui/internal/QuickStartAction.java,0.002263040371042251,0.043885969600454516,0.0,0.008130081300813009,2,0
6494,/home/user/CS21D002_A_Eashaan_Rao/Research/Bug_Localization_Replication/bug-localization-1/data/eclipse.platform.ui/bundles/org.eclipse.ui/Eclipse UI/org/eclipse/ui/internal/WorkbenchWindow.java,0.021565742732131098,0.07555713674713269,0.0,0.00819672131147541,9,0
6494,/home/user/CS21D002_A_Eashaan_Rao/Research/Bug_Localization_Replication/bug-localization-1/data/eclipse.platform.ui/bundles/org.eclipse.ui/Eclipse JFace Text/org/eclipse/jface/text/contentassist/ContentAssistant.java,0.0020330777223356656,0.00863849238739213,0.0,0.008264462809917356,2,0
6494,/home/user/CS21D002_A_Eashaan_Rao/Research/Bug_Localization_Replication/bug-localization-1/data/eclipse.platform.ui/bundles/org.eclipse.ui/Eclipse JFace/org/eclipse/jface/preference/PreferencePage.java,0.012632478692832199,0.012562827645632593,0.0,0.008130081300813009,2,0
6494,/home/user/CS21D002_A_Eashaan_Rao/Research/Bug_Localization_Replication/bug-localization-1/data/eclipse.platform.ui/bundles/org.eclipse.ui/Eclipse UI/org/eclipse/ui/IViewPart.java,0.061114904928463235,0,0,0,0,0
6494,/home/user/CS21D002_A_Eashaan_Rao/Research/Bug_Localization_Replication/bug-localization-1/data/eclipse.platform.ui/bundles/org.eclipse.ui/Eclipse UI Standard Components/org/eclipse/ui/wizards/datatransfer/Base64Encoder.java,0.0,0,0.0,0,0,0
6494,/home/user/CS21D002_A_Eashaan_Rao/Research/Bug_Localization_Replication/bug-localization-1/data/eclipse.platform.ui/bundles/org.eclipse.ui/Eclipse UI Standard Components/org/eclipse/ui/wizards/datatransfer/WizardFileSystemExportPage1.java,0.0023226927234881634,0,0.0,0,0,0
6493,/home/user/CS21D002_A_Eashaan_Rao/Research/Bug_Localization_Replication/bug-localization-1/data/eclipse.platform.ui/bundles/org.eclipse.ui/Eclipse JFace/org/eclipse/jface/action/SubContributionManager.java,0.1950059085383057,1.0000000000000002,0.0,0.006802721088435374,1,1
6493,/home/user/CS21D002_A_Eashaan_Rao/Research/Bug_Localization_Replication/bug-localization-1/data/eclipse.platform.ui/bundles/org.eclipse.ui/Eclipse JFace/org/eclipse/jface/action/SubMenuManager.java,0.3960103623017472,0.9471382004522078,0.029016841128684606,0.007194244604316547,3,1
6493,/home/user/CS21D002_A_Eashaan_Rao/Research/Bug_Localization_Replication/bug-localization-1/data/eclipse.platform.ui/bundles/org.eclipse.ui/Eclipse UI/org/eclipse/ui/internal/ActionSetMenuManager.java,0.23552656460040047,0.9880442040638561,0.0,0.007194244604316547,2,1
6493,/home/user/CS21D002_A_Eashaan_Rao/Research/Bug_Localization_Replication/bug-localization-1/data/eclipse.platform.ui/bundles/org.eclipse.ui/Eclipse UI/org/eclipse/ui/internal/dialogs/SimpleListContentProvider.java,0.09397892187472072,0,0.0,0,0,0
6493,/home/user/CS21D002_A_Eashaan_Rao/Research/Bug_Localization_Replication/bug-localization-1/data/eclipse.platform.ui/bundles/org.eclipse.ui/Eclipse UI/org/eclipse/ui/IViewActionDelegate.java,0.11252413914938023,0,0,0,0,0
6493,/home/user/CS21D002_A_Eashaan_Rao/Research/Bug_Localization_Replication/bug-localization-1/data/eclipse.platform.ui/bundles/org.eclipse.ui/Eclipse UI Standard Components/org/eclipse/ui/views/navigator/NavigatorDropAdapter.java,0.12900995374037763,0.03797930329851887,0.0,0.007194244604316547,4,0
6493,/home/user/CS21D002_A_Eashaan_Rao/Research/Bug_Localization_Replication/bug-localization-1/data/eclipse.platform.ui/bundles/org.eclipse.ui/Eclipse UI/org/eclipse/ui/internal/dialogs/NewWizardSelectionPage.java,0.016862999044505427,0,0.0,0,0,0
6493,/home/user/CS21D002_A_Eashaan_Rao/Research/Bug_Localization_Replication/bug-localization-1/data/eclipse.platform.ui/bundles/org.eclipse.ui/Eclipse JFace/org/eclipse/jface/action/Separator.java,0.21519953990974522,0,0.1201470770773764,0,0,0
6493,/home/user/CS21D002_A_Eashaan_Rao/Research/Bug_Localization_Replication/bug-localization-1/data/eclipse.platform.ui/bundles/org.eclipse.ui/Eclipse UI/org/eclipse/ui/IWorkbenchPropertyPage.java,0.030770435350524095,0,0,0,0,0
6493,/home/user/CS21D002_A_Eashaan_Rao/Research/Bug_Localization_Replication/bug-localization-1/data/eclipse.platform.ui/bundles/org.eclipse.ui/Eclipse JFace/org/eclipse/jface/viewers/CheckboxTableViewer.java,0.0874464657637209,0,0.0,0,0,0
6493,/home/user/CS21D002_A_Eashaan_Rao/Research/Bug_Localization_Replication/bug-localization-1/data/eclipse.platform.ui/bundles/org.eclipse.ui/Eclipse UI/org/eclipse/ui/internal/ProblemImageProvider.java,0.10939863752082972,0,0.0,0,0,0
6493,/home/user/CS21D002_A_Eashaan_Rao/Research/Bug_Localization_Replication/bug-localization-1/data/eclipse.platform.ui/bundles/org.eclipse.ui/Eclipse UI/org/eclipse/ui/internal/PopupMenuExtender.java,0.30786098181384686,0,0.0,0,0,0
6493,/home/user/CS21D002_A_Eashaan_Rao/Research/Bug_Localization_Replication/bug-localization-1/data/eclipse.platform.ui/bundles/org.eclipse.ui/Eclipse JFace/org/eclipse/jface/wizard/IWizardNode.java,0.05470117204787734,0,0,0,0,0
6493,/home/user/CS21D002_A_Eashaan_Rao/Research/Bug_Localization_Replication/bug-localization-1/data/eclipse.platform.ui/bundles/org.eclipse.ui/Eclipse JFace Text/org/eclipse/jface/text/contentassist/ICompletionProposalExtension.java,0.04192374441126885,0,0,0,0,0
6493,/home/user/CS21D002_A_Eashaan_Rao/Research/Bug_Localization_Replication/bug-localization-1/data/eclipse.platform.ui/bundles/org.eclipse.ui/Eclipse JFace Text/org/eclipse/jface/text/source/IAnnotationModelListener.java,0.0402994665787611,0,0,0,0,0
6493,/home/user/CS21D002_A_Eashaan_Rao/Research/Bug_Localization_Replication/bug-localization-1/data/eclipse.platform.ui/bundles/org.eclipse.ui/Eclipse UI/org/eclipse/ui/IExportWizard.java,0.022767749262547876,0,0,0,0,0
6493,/home/user/CS21D002_A_Eashaan_Rao/Research/Bug_Localization_Replication/bug-localization-1/data/eclipse.platform.ui/bundles/org.eclipse.ui/Eclipse UI/org/eclipse/ui/internal/dialogs/WelcomeEditorInputFactory.java,0.0640622365876822,0.07032350447931944,0.0,0.007142857142857143,1,0
6493,/home/user/CS21D002_A_Eashaan_Rao/Research/Bug_Localization_Replication/bug-localization-1/data/eclipse.platform.ui/bundles/org.eclipse.ui/Eclipse JFace Text/org/eclipse/jface/text/AbstractInformationControlManager.java,0.050582669270996264,0,0.0,0,0,0
6493,/home/user/CS21D002_A_Eashaan_Rao/Research/Bug_Localization_Replication/bug-localization-1/data/eclipse.platform.ui/bundles/org.eclipse.ui/Eclipse UI/org/eclipse/ui/dialogs/WizardDataTransferPage.java,0.10768450995561468,0,0.0,0,0,0
6493,/home/user/CS21D002_A_Eashaan_Rao/Research/Bug_Localization_Replication/bug-localization-1/data/eclipse.platform.ui/bundles/org.eclipse.ui/Eclipse UI/org/eclipse/ui/dialogs/SelectionDialog.java,0.0928079117181647,0.10294359596024819,0.0,0.007194244604316547,1,0
6493,/home/user/CS21D002_A_Eashaan_Rao/Research/Bug_Localization_Replication/bug-localization-1/data/eclipse.platform.ui/bundles/org.eclipse.ui/Eclipse UI/org/eclipse/ui/internal/misc/ContainerContentProvider.java,0.0774959408676311,0,0.0,0,0,0
6493,/home/user/CS21D002_A_Eashaan_Rao/Research/Bug_Localization_Replication/bug-localization-1/data/eclipse.platform.ui/bundles/org.eclipse.ui/Eclipse UI/org/eclipse/ui/internal/misc/StatusUtil.java,0.05077474782575745,0,0.0,0,0,0
6493,/home/user/CS21D002_A_Eashaan_Rao/Research/Bug_Localization_Replication/bug-localization-1/data/eclipse.platform.ui/bundles/org.eclipse.ui/Eclipse UI Text Editor/org/eclipse/ui/editors/text/ITextEditorHelpContextIds.java,0.03958401271763767,0,0,0,0,0
6493,/home/user/CS21D002_A_Eashaan_Rao/Research/Bug_Localization_Replication/bug-localization-1/data/eclipse.platform.ui/bundles/org.eclipse.ui/Eclipse UI/org/eclipse/ui/IWorkbenchWizard.java,0.03557778432469159,0,0,0,0,0
6493,/home/user/CS21D002_A_Eashaan_Rao/Research/Bug_Localization_Replication/bug-localization-1/data/eclipse.platform.ui/bundles/org.eclipse.ui/Eclipse UI/org/eclipse/ui/ISelectionListener.java,0.04953806184057087,0,0,0,0,0
6493,/home/user/CS21D002_A_Eashaan_Rao/Research/Bug_Localization_Replication/bug-localization-1/data/eclipse.platform.ui/bundles/org.eclipse.ui/Eclipse UI/org/eclipse/ui/internal/dialogs/CheckboxSingleListGroup.java,0.08227322712015736,0,0.0,0,0,0
6493,/home/user/CS21D002_A_Eashaan_Rao/Research/Bug_Localization_Replication/bug-localization-1/data/eclipse.platform.ui/bundles/org.eclipse.ui/Eclipse UI/org/eclipse/ui/help/ViewContextComputer.java,0.04170292411815401,0.014008534314004582,0.0,0.007042253521126761,1,0
6493,/home/user/CS21D002_A_Eashaan_Rao/Research/Bug_Localization_Replication/bug-localization-1/data/eclipse.platform.ui/bundles/org.eclipse.ui/Eclipse JFace/org/eclipse/jface/resource/CompositeImageDescriptor.java,0.04377394582685155,0,0.0,0,0,0
6493,/home/user/CS21D002_A_Eashaan_Rao/Research/Bug_Localization_Replication/bug-localization-1/data/eclipse.platform.ui/bundles/org.eclipse.ui/Eclipse UI Standard Components/org/eclipse/ui/views/properties/FilePropertySource.java,0.09877161228690627,0.02892431716258914,0.0,0.0072992700729927005,1,0
6493,/home/user/CS21D002_A_Eashaan_Rao/Research/Bug_Localization_Replication/bug-localization-1/data/eclipse.platform.ui/bundles/org.eclipse.ui/Eclipse UI/org/eclipse/ui/internal/model/WorkbenchResource.java,0.13013214255479244,0.04969345033810429,0.0,0.007042253521126761,1,0
6493,/home/user/CS21D002_A_Eashaan_Rao/Research/Bug_Localization_Replication/bug-localization-1/data/eclipse.platform.ui/bundles/org.eclipse.ui/Eclipse UI/org/eclipse/ui/internal/PluginActionSetBuilder.java,0.21385972275242057,0,0.0,0,0,0
6493,/home/user/CS21D002_A_Eashaan_Rao/Research/Bug_Localization_Replication/bug-localization-1/data/eclipse.platform.ui/bundles/org.eclipse.ui/Eclipse UI/org/eclipse/ui/actions/ActionDelegate.java,0.054240326446403496,0,0.0,0,0,0
6493,/home/user/CS21D002_A_Eashaan_Rao/Research/Bug_Localization_Replication/bug-localization-1/data/eclipse.platform.ui/bundles/org.eclipse.ui/Eclipse JFace Text/org/eclipse/jface/text/DefaultLineTracker.java,0.07481580770305025,0,0.0,0,0,0
6493,/home/user/CS21D002_A_Eashaan_Rao/Research/Bug_Localization_Replication/bug-localization-1/data/eclipse.platform.ui/bundles/org.eclipse.ui/Eclipse UI/org/eclipse/ui/internal/EditorActionBars.java,0.10331200950418487,0.05213414681750353,0.0,0.007142857142857143,1,0
6493,/home/user/CS21D002_A_Eashaan_Rao/Research/Bug_Localization_Replication/bug-localization-1/data/eclipse.platform.ui/bundles/org.eclipse.ui/Eclipse JFace Text/org/eclipse/jface/text/source/IVerticalRuler.java,0.037420438065679816,0,0,0,0,0
6493,/home/user/CS21D002_A_Eashaan_Rao/Research/Bug_Localization_Replication/bug-localization-1/data/eclipse.platform.ui/bundles/org.eclipse.ui/Eclipse UI/org/eclipse/ui/IActionDelegate.java,0.10382258699061898,0,0,0,0,0
6493,/home/user/CS21D002_A_Eashaan_Rao/Research/Bug_Localization_Replication/bug-localization-1/data/eclipse.platform.ui/bundles/org.eclipse.ui/Eclipse UI/org/eclipse/ui/part/Page.java,0.03937962550672179,0,0.0,0,0,0
6493,/home/user/CS21D002_A_Eashaan_Rao/Research/Bug_Localization_Replication/bug-localization-1/data/eclipse.platform.ui/bundles/org.eclipse.ui/Eclipse JFace Text/org/eclipse/jface/text/rules/IWhitespaceDetector.java,0.02877006427988689,0,0,0,0,0
6493,/home/user/CS21D002_A_Eashaan_Rao/Research/Bug_Localization_Replication/bug-localization-1/data/eclipse.platform.ui/bundles/org.eclipse.ui/Eclipse JFace/org/eclipse/jface/action/IContributionItem.java,0.30391440071446135,0,0,0,0,0
6493,/home/user/CS21D002_A_Eashaan_Rao/Research/Bug_Localization_Replication/bug-localization-1/data/eclipse.platform.ui/bundles/org.eclipse.ui/Eclipse UI/org/eclipse/ui/internal/registry/ActionSetRegistry.java,0.11910603329695964,0,0.0,0,0,0
6493,/home/user/CS21D002_A_Eashaan_Rao/Research/Bug_Localization_Replication/bug-localization-1/data/eclipse.platform.ui/bundles/org.eclipse.ui/Eclipse UI Standard Components/org/eclipse/ui/wizards/newresource/BasicNewResourceWizard.java,0.07448533475788137,0,0.0,0,0,0
6493,/home/user/CS21D002_A_Eashaan_Rao/Research/Bug_Localization_Replication/bug-localization-1/data/eclipse.platform.ui/bundles/org.eclipse.ui/Eclipse JFace Text/org/eclipse/jface/text/contentassist/IContextInformationPresenter.java,0.02991855533996256,0,0,0,0,0
6493,/home/user/CS21D002_A_Eashaan_Rao/Research/Bug_Localization_Replication/bug-localization-1/data/eclipse.platform.ui/bundles/org.eclipse.ui/Eclipse UI Standard Components/org/eclipse/ui/wizards/datatransfer/ImportOperation.java,0.07059004587555318,0.018974085449355374,0.0,0.006802721088435374,2,0
6493,/home/user/CS21D002_A_Eashaan_Rao/Research/Bug_Localization_Replication/bug-localization-1/data/eclipse.platform.ui/bundles/org.eclipse.ui/Eclipse UI/org/eclipse/ui/actions/SimpleWildcardTester.java,0.08184162826750908,0,0.0,0,0,0
6493,/home/user/CS21D002_A_Eashaan_Rao/Research/Bug_Localization_Replication/bug-localization-1/data/eclipse.platform.ui/bundles/org.eclipse.ui/Eclipse JFace/org/eclipse/jface/wizard/WizardDialog.java,0.08112472917895024,0.032352937790576734,0.0,0.0072992700729927005,5,0
6493,/home/user/CS21D002_A_Eashaan_Rao/Research/Bug_Localization_Replication/bug-localization-1/data/eclipse.platform.ui/bundles/org.eclipse.ui/Eclipse UI Standard Components/org/eclipse/ui/views/navigator/GotoResourceDialog.java,0.0953446122999423,0.02547764122772579,0.0,0.006944444444444444,4,0
6493,/home/user/CS21D002_A_Eashaan_Rao/Research/Bug_Localization_Replication/bug-localization-1/data/eclipse.platform.ui/bundles/org.eclipse.ui/Eclipse JFace Text/org/eclipse/jface/text/contentassist/JFaceTextMessages.java,0.04958766037564677,0,0.0,0,0,0
6493,/home/user/CS21D002_A_Eashaan_Rao/Research/Bug_Localization_Replication/bug-localization-1/data/eclipse.platform.ui/bundles/org.eclipse.ui/Eclipse UI/org/eclipse/ui/dialogs/PropertyDialogAction.java,0.12339608704983872,0.24498985355349856,0.0,0.007042253521126761,1,0
6493,/home/user/CS21D002_A_Eashaan_Rao/Research/Bug_Localization_Replication/bug-localization-1/data/eclipse.platform.ui/bundles/org.eclipse.ui/Eclipse JFace Text/org/eclipse/jface/text/rules/WhitespaceRule.java,0.03777262848669795,0,0.0,0,0,0
6493,/home/user/CS21D002_A_Eashaan_Rao/Research/Bug_Localization_Replication/bug-localization-1/data/eclipse.platform.ui/bundles/org.eclipse.ui/Eclipse JFace Text/org/eclipse/jface/text/PropagatingFontFieldEditor.java,0.03656737932092437,0,0.0,0,0,0
6493,/home/user/CS21D002_A_Eashaan_Rao/Research/Bug_Localization_Replication/bug-localization-1/data/eclipse.platform.ui/bundles/org.eclipse.ui/Eclipse UI/org/eclipse/ui/internal/CloseEditorAction.java,0.0357993874558236,0,0.0,0,0,0
6493,/home/user/CS21D002_A_Eashaan_Rao/Research/Bug_Localization_Replication/bug-localization-1/data/eclipse.platform.ui/bundles/org.eclipse.ui/Eclipse JFace/org/eclipse/jface/viewers/IBaseLabelProvider.java,0.07414348341302249,0,0,0,0,0
6493,/home/user/CS21D002_A_Eashaan_Rao/Research/Bug_Localization_Replication/bug-localization-1/data/eclipse.platform.ui/bundles/org.eclipse.ui/Eclipse JFace/org/eclipse/jface/dialogs/ProgressMonitorDialog.java,0.0888845663006495,0.04713143409383542,0.0,0.007246376811594203,2,0
6492,/home/user/CS21D002_A_Eashaan_Rao/Research/Bug_Localization_Replication/bug-localization-1/data/eclipse.platform.ui/bundles/org.eclipse.ui/Eclipse UI/org/eclipse/ui/internal/dialogs/EditorSelectionDialog.java,0.148301643333274,1.0,0.0,0.006896551724137931,1,1
6492,/home/user/CS21D002_A_Eashaan_Rao/Research/Bug_Localization_Replication/bug-localization-1/data/eclipse.platform.ui/bundles/org.eclipse.ui/Eclipse UI/org/eclipse/ui/internal/dialogs/FileEditorsPreferencePage.java,0.12901408645914672,0.9262263431551798,0.0,0.006944444444444444,2,1
6492,/home/user/CS21D002_A_Eashaan_Rao/Research/Bug_Localization_Replication/bug-localization-1/data/eclipse.platform.ui/bundles/org.eclipse.ui/Eclipse JFace/org/eclipse/jface/viewers/ViewerSorter.java,0.010028625838411744,0,0.0,0,0,0
6492,/home/user/CS21D002_A_Eashaan_Rao/Research/Bug_Localization_Replication/bug-localization-1/data/eclipse.platform.ui/bundles/org.eclipse.ui/Eclipse UI/org/eclipse/ui/internal/ObjectActionContributor.java,0.060867101115434384,0,0.0,0,0,0
6492,/home/user/CS21D002_A_Eashaan_Rao/Research/Bug_Localization_Replication/bug-localization-1/data/eclipse.platform.ui/bundles/org.eclipse.ui/Eclipse UI/org/eclipse/ui/internal/registry/PerspectiveDescriptor.java,0.022950775345995194,0.013039183538057931,0.0,0.0072992700729927005,1,0
6492,/home/user/CS21D002_A_Eashaan_Rao/Research/Bug_Localization_Replication/bug-localization-1/data/eclipse.platform.ui/bundles/org.eclipse.ui/Eclipse UI/org/eclipse/ui/internal/registry/ICategory.java,0.0059895155043872255,0.006812925171331052,0,0.007142857142857143,1,0
6492,/home/user/CS21D002_A_Eashaan_Rao/Research/Bug_Localization_Replication/bug-localization-1/data/eclipse.platform.ui/bundles/org.eclipse.ui/Eclipse JFace/org/eclipse/jface/viewers/IInputProvider.java,0.012664343213519329,0,0,0,0,0
6492,/home/user/CS21D002_A_Eashaan_Rao/Research/Bug_Localization_Replication/bug-localization-1/data/eclipse.platform.ui/bundles/org.eclipse.ui/Eclipse UI/org/eclipse/ui/internal/registry/ViewDescriptor.java,0.004121903090032228,0,0.0,0,0,0
6492,/home/user/CS21D002_A_Eashaan_Rao/Research/Bug_Localization_Replication/bug-localization-1/data/eclipse.platform.ui/bundles/org.eclipse.ui/Eclipse UI Standard Components/org/eclipse/ui/wizards/newresource/BasicNewFileResourceWizard.java,0.06992498950360736,0.07072169286649523,0.0,0.007462686567164179,1,0
6492,/home/user/CS21D002_A_Eashaan_Rao/Research/Bug_Localization_Replication/bug-localization-1/data/eclipse.platform.ui/bundles/org.eclipse.ui/Eclipse UI/org/eclipse/ui/IViewSite.java,0.011316391939074605,0,0,0,0,0
6492,/home/user/CS21D002_A_Eashaan_Rao/Research/Bug_Localization_Replication/bug-localization-1/data/eclipse.platform.ui/bundles/org.eclipse.ui/Eclipse UI/org/eclipse/ui/internal/misc/OverlayIcon.java,0.008906178490955569,0,0.0,0,0,0
6492,/home/user/CS21D002_A_Eashaan_Rao/Research/Bug_Localization_Replication/bug-localization-1/data/eclipse.platform.ui/bundles/org.eclipse.ui/Eclipse UI Standard Components/org/eclipse/ui/views/contentoutline/ContentOutlinePage.java,0.13550816283983566,0.034217556791048515,0.0,0.006896551724137931,1,0
6492,/home/user/CS21D002_A_Eashaan_Rao/Research/Bug_Localization_Replication/bug-localization-1/data/eclipse.platform.ui/bundles/org.eclipse.ui/Eclipse JFace/org/eclipse/jface/viewers/ILabelDecorator.java,0.005483693710552786,0,0,0,0,0
6492,/home/user/CS21D002_A_Eashaan_Rao/Research/Bug_Localization_Replication/bug-localization-1/data/eclipse.platform.ui/bundles/org.eclipse.ui/Eclipse UI Standard Components/org/eclipse/ui/wizards/datatransfer/MinimizedFileSystemElement.java,0.022192364516413605,0,0.0,0,0,0
6492,/home/user/CS21D002_A_Eashaan_Rao/Research/Bug_Localization_Replication/bug-localization-1/data/eclipse.platform.ui/bundles/org.eclipse.ui/Eclipse JFace Text/org/eclipse/jface/text/ITextDoubleClickStrategy.java,0.012743570887403093,0,0,0,0,0
6492,/home/user/CS21D002_A_Eashaan_Rao/Research/Bug_Localization_Replication/bug-localization-1/data/eclipse.platform.ui/bundles/org.eclipse.ui/Eclipse UI Text Editor/org/eclipse/ui/texteditor/FindReplaceDialog.java,0.04330173612481718,0.13111403273943464,0.0,0.007246376811594203,3,0
6492,/home/user/CS21D002_A_Eashaan_Rao/Research/Bug_Localization_Replication/bug-localization-1/data/eclipse.platform.ui/bundles/org.eclipse.ui/Eclipse JFace/org/eclipse/jface/wizard/Wizard.java,0.07328918396369594,0.00527766844713284,0.0,0.007352941176470588,1,0
6492,/home/user/CS21D002_A_Eashaan_Rao/Research/Bug_Localization_Replication/bug-localization-1/data/eclipse.platform.ui/bundles/org.eclipse.ui/Eclipse JFace/org/eclipse/jface/wizard/ProgressMonitorPart.java,0.017269095808946373,0.013689600229859305,0.0,0.006993006993006993,1,0
6492,/home/user/CS21D002_A_Eashaan_Rao/Research/Bug_Localization_Replication/bug-localization-1/data/eclipse.platform.ui/bundles/org.eclipse.ui/Eclipse JFace Text/org/eclipse/jface/text/rules/IRule.java,0.011933305972802847,0,0,0,0,0
6492,/home/user/CS21D002_A_Eashaan_Rao/Research/Bug_Localization_Replication/bug-localization-1/data/eclipse.platform.ui/bundles/org.eclipse.ui/Eclipse JFace/org/eclipse/jface/wizard/IWizardNode.java,0.0296011864597791,0,0,0,0,0
6492,/home/user/CS21D002_A_Eashaan_Rao/Research/Bug_Localization_Replication/bug-localization-1/data/eclipse.platform.ui/bundles/org.eclipse.ui/Eclipse UI/org/eclipse/ui/internal/registry/NewWizardsRegistryReader.java,0.006773068016066285,0,0.0,0,0,0
6492,/home/user/CS21D002_A_Eashaan_Rao/Research/Bug_Localization_Replication/bug-localization-1/data/eclipse.platform.ui/bundles/org.eclipse.ui/Eclipse UI/org/eclipse/ui/IWorkbenchPreferenceConstants.java,0.045950886944154404,0,0,0,0,0
6492,/home/user/CS21D002_A_Eashaan_Rao/Research/Bug_Localization_Replication/bug-localization-1/data/eclipse.platform.ui/bundles/org.eclipse.ui/Eclipse UI/org/eclipse/ui/IMemento.java,0.009297791683912402,0.009106140930676247,0.0,0.006896551724137931,1,0
6492,/home/user/CS21D002_A_Eashaan_Rao/Research/Bug_Localization_Replication/bug-localization-1/data/eclipse.platform.ui/bundles/org.eclipse.ui/Eclipse UI Standard Components/org/eclipse/ui/views/properties/IPropertySheetEntryListener.java,0.07176872902165952,0,0,0,0,0
6492,/home/user/CS21D002_A_Eashaan_Rao/Research/Bug_Localization_Replication/bug-localization-1/data/eclipse.platform.ui/bundles/org.eclipse.ui/Eclipse JFace/org/eclipse/jface/action/ToolBarManager.java,0.013898521688301965,0.021667048641184416,0.0,0.007194244604316547,2,0
6492,/home/user/CS21D002_A_Eashaan_Rao/Research/Bug_Localization_Replication/bug-localization-1/data/eclipse.platform.ui/bundles/org.eclipse.ui/Eclipse UI/org/eclipse/ui/IEditorRegistry.java,0.2527839225977119,0,0,0,0,0
6492,/home/user/CS21D002_A_Eashaan_Rao/Research/Bug_Localization_Replication/bug-localization-1/data/eclipse.platform.ui/bundles/org.eclipse.ui/Eclipse UI/org/eclipse/ui/internal/RootLayoutContainer.java,0.007508181327819253,0,0.0,0,0,0
6492,/home/user/CS21D002_A_Eashaan_Rao/Research/Bug_Localization_Replication/bug-localization-1/data/eclipse.platform.ui/bundles/org.eclipse.ui/Eclipse UI/org/eclipse/ui/part/IContributedContentsView.java,0.021972225911855332,0,0,0,0,0
6492,/home/user/CS21D002_A_Eashaan_Rao/Research/Bug_Localization_Replication/bug-localization-1/data/eclipse.platform.ui/bundles/org.eclipse.ui/Eclipse UI/org/eclipse/ui/internal/dialogs/ActionSetContentProvider.java,0.004924279304786236,0,0.0,0,0,0
6492,/home/user/CS21D002_A_Eashaan_Rao/Research/Bug_Localization_Replication/bug-localization-1/data/eclipse.platform.ui/bundles/org.eclipse.ui/Eclipse UI/org/eclipse/ui/part/DrillFrame.java,0.02031346092143492,0.07142900121477476,0.0,0.007352941176470588,1,0
6492,/home/user/CS21D002_A_Eashaan_Rao/Research/Bug_Localization_Replication/bug-localization-1/data/eclipse.platform.ui/bundles/org.eclipse.ui/Eclipse JFace Text/org/eclipse/jface/text/contentassist/PopupCloser.java,0.015371273258092039,0,0.0,0,0,0
6492,/home/user/CS21D002_A_Eashaan_Rao/Research/Bug_Localization_Replication/bug-localization-1/data/eclipse.platform.ui/bundles/org.eclipse.ui/Eclipse UI/org/eclipse/ui/internal/DetachedWindow.java,0.017043157095771033,0,0.0,0,0,0
6492,/home/user/CS21D002_A_Eashaan_Rao/Research/Bug_Localization_Replication/bug-localization-1/data/eclipse.platform.ui/bundles/org.eclipse.ui/Eclipse UI/org/eclipse/ui/actions/CreateFolderAction.java,0.04088763320378665,0,0.0,0,0,0
6492,/home/user/CS21D002_A_Eashaan_Rao/Research/Bug_Localization_Replication/bug-localization-1/data/eclipse.platform.ui/bundles/org.eclipse.ui/Eclipse UI Standard Components/org/eclipse/ui/views/tasklist/GotoTaskAction.java,0.1363934668298426,0.006668753499595184,0.0,0.007194244604316547,1,0
6492,/home/user/CS21D002_A_Eashaan_Rao/Research/Bug_Localization_Replication/bug-localization-1/data/eclipse.platform.ui/bundles/org.eclipse.ui/Eclipse UI/org/eclipse/ui/internal/registry/ActionSetDescriptor.java,0.00510211843315109,0,0.0,0,0,0
6492,/home/user/CS21D002_A_Eashaan_Rao/Research/Bug_Localization_Replication/bug-localization-1/data/eclipse.platform.ui/bundles/org.eclipse.ui/Eclipse UI Standard Components/org/eclipse/ui/wizards/datatransfer/Base64Encoder.java,0.02140509975341253,0,0.0,0,0,0
6492,/home/user/CS21D002_A_Eashaan_Rao/Research/Bug_Localization_Replication/bug-localization-1/data/eclipse.platform.ui/bundles/org.eclipse.ui/Eclipse UI/org/eclipse/ui/IProjectActionFilter.java,0.007961225609246182,0,0,0,0,0
6492,/home/user/CS21D002_A_Eashaan_Rao/Research/Bug_Localization_Replication/bug-localization-1/data/eclipse.platform.ui/bundles/org.eclipse.ui/Eclipse JFace/org/eclipse/jface/viewers/ListViewer.java,0.035657146594486405,0.011926746192571152,0.0,0.006896551724137931,2,0
6492,/home/user/CS21D002_A_Eashaan_Rao/Research/Bug_Localization_Replication/bug-localization-1/data/eclipse.platform.ui/bundles/org.eclipse.ui/Eclipse JFace/org/eclipse/jface/viewers/IContentProvider.java,0.007646256120821355,0,0,0,0,0
6492,/home/user/CS21D002_A_Eashaan_Rao/Research/Bug_Localization_Replication/bug-localization-1/data/eclipse.platform.ui/bundles/org.eclipse.ui/Eclipse UI/org/eclipse/ui/part/MultiPageEditorSite.java,0.2293118547956708,0,0.0,0,0,0
6492,/home/user/CS21D002_A_Eashaan_Rao/Research/Bug_Localization_Replication/bug-localization-1/data/eclipse.platform.ui/bundles/org.eclipse.ui/Eclipse UI/org/eclipse/ui/part/MarkerTransfer.java,0.00827252782539153,0,0.0,0,0,0
6492,/home/user/CS21D002_A_Eashaan_Rao/Research/Bug_Localization_Replication/bug-localization-1/data/eclipse.platform.ui/bundles/org.eclipse.ui/Eclipse UI/org/eclipse/ui/part/EditorActionBarContributor.java,0.06858620496415217,0.13423264862893797,0.0,0.007246376811594203,1,0
6492,/home/user/CS21D002_A_Eashaan_Rao/Research/Bug_Localization_Replication/bug-localization-1/data/eclipse.platform.ui/bundles/org.eclipse.ui/Eclipse UI/org/eclipse/ui/internal/SavePerspectiveAction.java,0.03905741195096007,0,0.0,0,0,0
6492,/home/user/CS21D002_A_Eashaan_Rao/Research/Bug_Localization_Replication/bug-localization-1/data/eclipse.platform.ui/bundles/org.eclipse.ui/Eclipse JFace Text/org/eclipse/jface/text/reconciler/IReconciler.java,0.012395409442328961,0,0,0,0,0
6492,/home/user/CS21D002_A_Eashaan_Rao/Research/Bug_Localization_Replication/bug-localization-1/data/eclipse.platform.ui/bundles/org.eclipse.ui/Eclipse UI/org/eclipse/ui/part/ResourceTransfer.java,0.00702081029016304,0,0.0,0,0,0
6492,/home/user/CS21D002_A_Eashaan_Rao/Research/Bug_Localization_Replication/bug-localization-1/data/eclipse.platform.ui/bundles/org.eclipse.ui/Eclipse UI Text Editor/org/eclipse/ui/texteditor/AddMarkerAction.java,0.06077049316111581,0,0.0,0,0,0
6492,/home/user/CS21D002_A_Eashaan_Rao/Research/Bug_Localization_Replication/bug-localization-1/data/eclipse.platform.ui/bundles/org.eclipse.ui/Eclipse UI Text Editor/org/eclipse/ui/texteditor/RetargetTextEditorAction.java,0.029136809031937022,0,0.0,0,0,0
6492,/home/user/CS21D002_A_Eashaan_Rao/Research/Bug_Localization_Replication/bug-localization-1/data/eclipse.platform.ui/bundles/org.eclipse.ui/Eclipse JFace/org/eclipse/jface/viewers/IBasicPropertyConstants.java,0.016468038918298858,0,0,0,0,0
6492,/home/user/CS21D002_A_Eashaan_Rao/Research/Bug_Localization_Replication/bug-localization-1/data/eclipse.platform.ui/bundles/org.eclipse.ui/Eclipse UI/org/eclipse/ui/internal/WorkbenchPlugin.java,0.04298689862644503,0.023619947776586086,0.0,0.0072992700729927005,2,0
6492,/home/user/CS21D002_A_Eashaan_Rao/Research/Bug_Localization_Replication/bug-localization-1/data/eclipse.platform.ui/bundles/org.eclipse.ui/Eclipse UI/org/eclipse/ui/IWorkbenchWindowPulldownDelegate.java,0.021463202152137366,0,0,0,0,0
6492,/home/user/CS21D002_A_Eashaan_Rao/Research/Bug_Localization_Replication/bug-localization-1/data/eclipse.platform.ui/bundles/org.eclipse.ui/Eclipse JFace Text/org/eclipse/jface/text/ILineTracker.java,0.0010223128917324284,0,0,0,0,0
6492,/home/user/CS21D002_A_Eashaan_Rao/Research/Bug_Localization_Replication/bug-localization-1/data/eclipse.platform.ui/bundles/org.eclipse.ui/Eclipse JFace/org/eclipse/jface/resource/StringConverter.java,0.009997721200847425,0,0.0,0,0,0
